triplet,frequency_per_thousand,number
UUU,28.9,109
UCU,8.5,32
UAU,18.6,70
UGU,4.2,16
UUC,18.8,71
UCC,8.0,30
UAC,8.5,32
UGC,5.8,22
UUA,17.5,66
UCA,6.1,23
UAA,1.9,7
UGA,0.8,3
UUG,18.6,70
UCG,11.4,43
UAG,0.3,1
UGG,12.7,48
CUU,12.7,48
CCU,5.8,22
CAU,9.3,35
CGU,16.4,62
CUC,14.1,53
CCC,2.4,9
CAC,7.2,27
CGC,18.8,71
CUA,3.4,13
CCA,7.4,28
CAA,13.5,51
CGA,2.4,9
CUG,54.9,207
CCG,24.9,94
CAG,24.7,93
CGG,5.0,19
AUU,33.9,128
ACU,7.7,29
AAU,21.2,80
AGU,9.0,34
AUC,31.0,117
ACC,25.2,95
AAC,15.9,60
AGC,14.3,54
AUA,5.0,19
ACA,6.1,23
AAA,29.2,110
AGA,2.4,9
AUG,37.4,141
ACG,14.6,55
AAG,8.8,33
AGG,2.1,8
GUU,19.6,74
GCU,13.8,52
GAU,30.0,113
GGU,24.4,92
GUC,14.3,54
GCC,25.5,96
GAC,15.1,57
GGC,33.1,125
GUA,10.6,40
GCA,19.6,74
GAA,29.4,111
GGA,8.2,31
GUG,33.9,128
GCG,32.6,123
GAG,18.0,68
GGG,14.3,54
