AatII	GACGTC
Acc65I	GGTACC
AccB1I	GGYRCC
AccI	GTMKAC
AccIII	TCCGGA
AclI	AACGTT
AcyI	GRCGYC
AflII	CTTAAG
AflIII	ACRYGT
AgeI	ACCGGT
AlwNI	CAGNNNCTG
ApaI	GGGCCC
ApaLI	GTGCAC
ApoI	RAATTY
AscI	GGCGCGCC
AvaI	CYCGRG
AvrII	CCTAGG
BamHI	GGATCC
BanII	GRGCYC
BbeI	GGCGCC
BbsI	GAAGAC
BceAI	ACGGC
BclI	TGATCA
BfmI	CTRYAG
BglI	GCCNNNNNGGC
BglII	AGATCT
BlpI	GCTNAGC
BsaAI	YACGTR
BsaBI	GATNNNNATC
BsaI	GGTCTC
BsaWI	WCCGGW
BseRI	GAGGAG
BseSI	GKGCMC
BsiEI	CGRYCG
BsiHKAI	GWGCWC
BsiWI	CGTACG
BsiYI	CCNNNNNNNGG
BsmBI	CGTCTC
Bsp120I	GGGCCC
BspHI	TCATGA
BspQI	GCTCTTC
BsrGI	TGTACA
BssHII	GCGCGC
BstAPI	GCANNNNNTGC
BstBI	TTCGAA
BstEII	GGTNACC
BstXI	CCANNNNNNTGG
BstZ17I	GTATAC
Bsu36I	CCTNAGG
BtgZI	GCGATG
BtrI	CACGTC
BtsAI	GCAGTGNN
Cac8I	GCNNGC
Cfr10I	RCCGGY
CfrI	YGGCCR
ClaI	ATCGAT
DraI	TTTAAA
DraII	RGGNCCY
DraIII	CACNNNGTG
DrdI	GACNNNNNNGTC
EagI	CGGCCG
Eam1105I	GACNNNNNGTC
Eco47III	AGCGCT
EcoNI	CCTNNNNNAGG
EcoRI	GAATTC
EcoRV	GATATC
FseI	GGCCGGCC
FspAI	RTGCGCAY
FspEI	CCWGGNNNNNNNNNNNNN
FspI	TGCGCA
HaeII	RGCGCY
HgaI	GACGC
HincII	GTYRAC
HindIII	AAGCTT
HpaI	GTTAAC
Hpy188III	TCNNGA
Hpy8I	GTNNAC
Hpy99I	CGWCG
I-SceI	TAGGGATAACAGGGTAAT
KasI	GGCGCC
KpnI	GGTACC
MfeI	CAATTG
MluI	ACGCGT
MscI	TGGCCA
MslI	CAYNNNNRTG
MspA1I	CMGCKG
MwoI	GCNNNNNNNGC
NaeI	GCCGGC
NarI	GGCGCC
NcoI	CCATGG
NdeI	CATATG
NgoMIV	GCCGGC
NheI	GCTAGC
NlaIV	GGNNCC
NotI	GCGGCCGC
NruI	TCGCGA
NsiI	ATGCAT
NspI	RCATGY
OliI	CACNNNNGTG
PacI	TTAATTAA
PciI	ACATGT
PflMI	CCANNNNNTGG
PfoI	TCCNGGA
PmeI	GTTTAAAC
PmlI	CACGTG
PpuMI	RGGWCCY
PshAI	GACNNNNGTC
PsiI	TTATAA
PstI	CTGCAG
PvuI	CGATCG
PvuII	CAGCTG
RsrII	CGGWCCG
SacI	GAGCTC
SacII	CCGCGG
SalI	GTCGAC
SanDI	GGGWCCC
SapI	GCTCTTC
SbfI	CCTGCAGG
ScaI	AGTACT
SduI	GDGCHC
SexAI	ACCWGGT
SfiI	GGCCNNNNNGGCC
SfoI	GGCGCC
SgfI	GCGATCGC
SgrAI	CRCCGGYG
SmaI	CCCGGG
SmlI	CTYRAG
SnaBI	TACGTA
SpeI	ACTAGT
SphI	GCATGC
SrfI	GCCCGGGC
SspI	AATATT
StuI	AGGCCT
StyI	CCWWGG
SwaI	ATTTAAAT
TatI	WGTACW
TspGWI	ACGGA
Tth111I	GACNNNGTC
VspI	ATTAAT
XbaI	TCTAGA
XcmI	CCANNNNNNNNNTGG
XhoI	CTCGAG
XhoII	RGATCY
XmaI	CCCGGG
XmnI	GAANNNNTTC
ZraI	GACGTC
